Shape_Leng,Asset_ID,BUFF_DIST,Shape_Length,Shape_Area,mean_rh100,mean_L4A_agbd,mean_L4A_agbd_se,mean_L2B_cover,mean_L2B_pai,mean_L4A_carbono_mgha,Point_Count
0.048599998,2,25,0.036029779,3.26264E-05,4.275,12.334412,17.1389785,0.080077205,0.16702609,5.7971737,2
0.473000017,8,25,0.267647891,0.000340114,6.256666667,20.75005,17.136477,0.327833205,1.2930461,9.75252355,6
0.253400016,6,25,0.1427465,0.000259251,4.639032258,9.080591884,13.94638968,0.015486183,0.031527177,4.267878157,31
1.029600021,1,25,0.530251,0.000900345,4.963529412,11.88914156,17.13841988,0.023891804,0.049206114,5.587896518,17
0.148399991,3,25,0.080998598,0.000114732,7.796666667,27.33172167,17.134382,0.434283623,1.742366027,12.8459088,3
0.204200003,7,25,0.111361494,0.00023899,4.551428571,12.17209757,17.13891414,0.0782482,0.164719961,5.720885886,7
0.017799993,4,25,0.014096506,8.67408E-06,4.59,12.673043,17.138199,0.073441215,0.15257065,5.9563303,1
0.159000012,5,25,0.082383955,0.000127851,5.378823529,14.59775679,17.137657,0.142966143,0.44912417,6.860945735,17
